"Algorithm","Metric","Value"
"UBCF","Precision",0.101
"UBCF","Recall",0.0188313788602827
"UBCF","F1 Score",0.0295021574832461
"IBCF","Precision",0.0832729468599034
"IBCF","Recall",0.0119837549102886
"IBCF","F1 Score",0.0196267834863113
